<?xml version="1.0" encoding="UTF-8"?>
<!--
  ~ JBoss, Home of Professional Open Source
  ~ Copyright 2014 Red Hat Inc. and/or its affiliates and other contributors
  ~ as indicated by the @authors tag. All rights reserved.
  ~ See the copyright.txt in the distribution for a
  ~ full listing of individual contributors.
  ~
  ~ Licensed under the Apache License, Version 2.0 (the "License");
  ~ you may not use this file except in compliance with the License.
  ~ You may obtain a copy of the License at
  ~ http://www.apache.org/licenses/LICENSE-2.0
  ~ Unless required by applicable law or agreed to in writing, software
  ~ distributed under the License is distributed on an "AS IS" BASIS,
  ~ WITHOUT WARRANTIES OR CONDITIONS OF ANY KIND, either express or implied.
  ~ See the License for the specific language governing permissions and
  ~ limitations under the License.
  --><code_scheme name="aesh">
  <option name="CLASS_COUNT_TO_USE_IMPORT_ON_DEMAND" value="200" />
  <option name="NAMES_COUNT_TO_USE_IMPORT_ON_DEMAND" value="100" />
  <XML>
    <option name="XML_LEGACY_SETTINGS_IMPORTED" value="true" />
  </XML>
  <codeStyleSettings language="JAVA">
    <option name="CATCH_ON_NEW_LINE" value="true" />
    <option name="FINALLY_ON_NEW_LINE" value="true" />
    <arrangement>
      <groups>
        <group>
          <type>GETTERS_AND_SETTERS</type>
          <order>KEEP</order>
        </group>
      </groups>
      <rules>
        <rule>
          <match>
            <AND>
              <FIELD />
              <FINAL />
              <PUBLIC />
              <STATIC />
            </AND>
          </match>
        </rule>
        <rule>
          <match>
            <AND>
              <FIELD />
              <FINAL />
              <PROTECTED />
              <STATIC />
            </AND>
          </match>
        </rule>
        <rule>
          <match>
            <AND>
              <FIELD />
              <FINAL />
              <PACKAGE_PRIVATE />
              <STATIC />
            </AND>
          </match>
        </rule>
        <rule>
          <match>
            <AND>
              <FIELD />
              <FINAL />
              <PRIVATE />
              <STATIC />
            </AND>
          </match>
        </rule>
        <rule>
          <match>
            <AND>
              <FIELD />
              <PUBLIC />
              <STATIC />
            </AND>
          </match>
        </rule>
        <rule>
          <match>
            <AND>
              <FIELD />
              <PROTECTED />
              <STATIC />
            </AND>
          </match>
        </rule>
        <rule>
          <match>
            <AND>
              <FIELD />
              <PACKAGE_PRIVATE />
              <STATIC />
            </AND>
          </match>
        </rule>
        <rule>
          <match>
            <AND>
              <FIELD />
              <PRIVATE />
              <STATIC />
            </AND>
          </match>
        </rule>
        <rule>
          <match>
            <AND>
              <FIELD />
              <FINAL />
              <PUBLIC />
            </AND>
          </match>
        </rule>
        <rule>
          <match>
            <AND>
              <FIELD />
              <FINAL />
              <PROTECTED />
            </AND>
          </match>
        </rule>
        <rule>
          <match>
            <AND>
              <FIELD />
              <FINAL />
              <PACKAGE_PRIVATE />
            </AND>
          </match>
        </rule>
        <rule>
          <match>
            <AND>
              <FIELD />
              <FINAL />
              <PRIVATE />
            </AND>
          </match>
        </rule>
        <rule>
          <match>
            <AND>
              <FIELD />
              <PUBLIC />
            </AND>
          </match>
        </rule>
        <rule>
          <match>
            <AND>
              <FIELD />
              <PROTECTED />
            </AND>
          </match>
        </rule>
        <rule>
          <match>
            <AND>
              <FIELD />
              <PACKAGE_PRIVATE />
            </AND>
          </match>
        </rule>
        <rule>
          <match>
            <AND>
              <FIELD />
              <PRIVATE />
            </AND>
          </match>
        </rule>
        <rule>
          <match>
            <FIELD />
          </match>
        </rule>
        <rule>
          <match>
            <CONSTRUCTOR />
          </match>
        </rule>
        <rule>
          <match>
            <AND>
              <METHOD />
              <STATIC />
            </AND>
          </match>
        </rule>
        <rule>
          <match>
            <METHOD />
          </match>
        </rule>
        <rule>
          <match>
            <ENUM />
          </match>
        </rule>
        <rule>
          <match>
            <INTERFACE />
          </match>
        </rule>
        <rule>
          <match>
            <AND>
              <CLASS />
              <STATIC />
            </AND>
          </match>
        </rule>
        <rule>
          <match>
            <CLASS />
          </match>
        </rule>
      </rules>
    </arrangement>
  </codeStyleSettings>
</code_scheme>

